GEOID,county,state,type,case_count,ID_Unknown,unkown_case_count
01019,Cherokee,Alabama,imported,NaN,1,1
01033,Colbert,Alabama,imported,NaN,1,1
01043,Cullman,Alabama,imported,NaN,1,1
01049,DeKalb,Alabama,imported,NaN,1,1
01059,Franklin,Alabama,imported,NaN,1,1
01071,Jackson,Alabama,imported,NaN,1,1
01077,Lauderdale,Alabama,imported,NaN,1,1
01079,Lawrence,Alabama,imported,NaN,1,1
01083,Limestone,Alabama,imported,NaN,1,1
01089,Madison,Alabama,imported,NaN,1,1
01095,Marshall,Alabama,imported,NaN,1,1
01103,Morgan,Alabama,imported,NaN,1,1
01133,Winston,Alabama,imported,NaN,1,1
02020,Anchorage,Alaska,imported,1,NaN,NaN
02020,Anchorage,Alaska,local,1,NaN,NaN
02122,Kenai Peninsula,Alaska,imported,1,NaN,NaN
02122,Kenai Peninsula,Alaska,local,0,NaN,NaN
04015,Mohave,Arizona,imported,0,NaN,NaN
04015,Mohave,Arizona,local,48,NaN,NaN
04017,Navajo,Arizona,imported,4,NaN,NaN
04017,Navajo,Arizona,local,0,NaN,NaN
05007,Benton,Arkansas,imported,0,NaN,NaN
05007,Benton,Arkansas,local,1,NaN,NaN
05045,Faulkner,Arkansas,imported,1,NaN,NaN
05045,Faulkner,Arkansas,local,5,NaN,NaN
05125,Saline,Arkansas,imported,1,NaN,NaN
05125,Saline,Arkansas,local,0,NaN,NaN
06019,Fresno,California,imported,1,NaN,NaN
06019,Fresno,California,local,1,NaN,NaN
06037,Los Angeles,California,imported,5,NaN,NaN
06037,Los Angeles,California,local,0,NaN,NaN
06059,Orange,California,imported,1,NaN,NaN
06059,Orange,California,local,0,NaN,NaN
06061,Placer,California,imported,1,NaN,NaN
06061,Placer,California,local,0,NaN,NaN
06065,Riverside,California,imported,1,NaN,NaN
06065,Riverside,California,local,0,NaN,NaN
06067,Sacramento,California,imported,1,NaN,NaN
06067,Sacramento,California,local,0,NaN,NaN
06073,San Diego,California,imported,1,NaN,NaN
06073,San Diego,California,local,0,NaN,NaN
06081,San Mateo,California,imported,1,NaN,NaN
06081,San Mateo,California,local,0,NaN,NaN
06085,Santa Clara,California,imported,1,NaN,NaN
06085,Santa Clara,California,local,0,NaN,NaN
06107,Tulare,California,imported,0,NaN,NaN
06107,Tulare,California,local,2,NaN,NaN
06109,Tuolumne,California,imported,2,NaN,NaN
06109,Tuolumne,California,local,0,NaN,NaN
06113,Yolo,California,imported,0,NaN,NaN
06113,Yolo,California,local,1,NaN,NaN
08001,Adams,Colorado,imported,1,NaN,NaN
08001,Adams,Colorado,local,3,NaN,NaN
08005,Arapahoe,Colorado,imported,4,NaN,NaN
08005,Arapahoe,Colorado,local,1,NaN,NaN
08007,Archuleta,Colorado,imported,0,NaN,NaN
08007,Archuleta,Colorado,local,1,NaN,NaN
08013,Boulder,Colorado,imported,1,NaN,NaN
08013,Boulder,Colorado,local,0,NaN,NaN
08031,Denver,Colorado,imported,3,NaN,NaN
08031,Denver,Colorado,local,1,NaN,NaN
08041,El Paso,Colorado,imported,4,NaN,NaN
08041,El Paso,Colorado,local,0,NaN,NaN
08077,Mesa,Colorado,imported,0,NaN,NaN
08077,Mesa,Colorado,local,7,NaN,NaN
08101,Pueblo,Colorado,imported,1,NaN,NaN
08101,Pueblo,Colorado,local,0,NaN,NaN
11001,District of Columbia,District of Columbia,imported,1,NaN,NaN
11001,District of Columbia,District of Columbia,local,0,NaN,NaN
12011,Broward,Florida,imported,0,NaN,NaN
12011,Broward,Florida,local,2,NaN,NaN
12031,Duval,Florida,imported,0,NaN,NaN
12031,Duval,Florida,local,1,NaN,NaN
12073,Leon,Florida,imported,1,NaN,NaN
12073,Leon,Florida,local,1,NaN,NaN
12086,Miami-Dade,Florida,imported,0,NaN,NaN
12086,Miami-Dade,Florida,local,1,NaN,NaN
13121,Fulton,Georgia,imported,2,NaN,NaN
13121,Fulton,Georgia,local,8,NaN,NaN
15003,Honolulu,Hawaii,imported,2,NaN,NaN
15003,Honolulu,Hawaii,local,0,NaN,NaN
16017,Bonner,Idaho,imported,0,NaN,NaN
16017,Bonner,Idaho,local,1,NaN,NaN
16019,Bonneville,Idaho,imported,2,NaN,NaN
16019,Bonneville,Idaho,local,4,NaN,NaN
16031,Cassia,Idaho,imported,1,NaN,NaN
16031,Cassia,Idaho,local,0,NaN,NaN
16055,Kootenai,Idaho,imported,0,NaN,NaN
16055,Kootenai,Idaho,local,1,NaN,NaN
17031,Cook,Illinois,imported,2,NaN,NaN
17031,Cook,Illinois,local,5,NaN,NaN
17199,Williamson,Illinois,imported,0,NaN,NaN
17199,Williamson,Illinois,local,4,NaN,NaN
18003,Allen,Indiana,imported,0,NaN,NaN
18003,Allen,Indiana,local,8,NaN,NaN
18133,Putnam,Indiana,imported,0,NaN,NaN
18133,Putnam,Indiana,local,1,NaN,NaN
,Central,Iowa,imported,0,NaN,NaN
20069,Gray,Kansas,imported,0,NaN,NaN
20069,Gray,Kansas,local,29,NaN,NaN
20081,Haskell,Kansas,imported,0,NaN,NaN
20081,Haskell,Kansas,local,21,NaN,NaN
20097,Kiowa,Kansas,imported,0,NaN,NaN
20097,Kiowa,Kansas,local,6,NaN,NaN
20145,Pawnee,Kansas,imported,0,NaN,NaN
20145,Pawnee,Kansas,local,7,NaN,NaN
20189,Stevens,Kansas,imported,0,NaN,NaN
20189,Stevens,Kansas,local,10,NaN,NaN
,Unknown County,Kansas,imported,0,NaN,NaN
,Unknown County,Kansas,local,17,NaN,NaN
21067,Fayette,Kentucky,imported,0,NaN,NaN
21067,Fayette,Kentucky,local,6,NaN,NaN
21073,Franklin,Kentucky,imported,1,NaN,NaN
21073,Franklin,Kentucky,local,0,NaN,NaN
21111,Jefferson,Kentucky,imported,1,NaN,NaN
21111,Jefferson,Kentucky,local,1,NaN,NaN
21219,Todd,Kentucky,imported,0,NaN,NaN
21219,Todd,Kentucky,local,1,NaN,NaN
21239,Woodford,Kentucky,imported,0,NaN,NaN
21239,Woodford,Kentucky,local,3,NaN,NaN
22071,Orleans,Louisiana,imported,1,NaN,NaN
22071,Orleans,Louisiana,local,1,NaN,NaN
24027,Howard,Maryland,imported,1,NaN,NaN
24027,Howard,Maryland,local,0,NaN,NaN
24033,Prince George's,Maryland,imported,2,NaN,NaN
24033,Prince George's,Maryland,local,0,NaN,NaN
26005,Allegan,Michigan,imported,0,NaN,NaN
26005,Allegan,Michigan,local,1,NaN,NaN
26055,Grand Traverse,Michigan,imported,0,NaN,NaN
26055,Grand Traverse,Michigan,local,4,NaN,NaN
26065,Ingham,Michigan,imported,1,NaN,NaN
26065,Ingham,Michigan,local,0,NaN,NaN
26081,Kent,Michigan,imported,2,NaN,NaN
26081,Kent,Michigan,local,2,NaN,NaN
26099,Macomb,Michigan,imported,1,NaN,NaN
26099,Macomb,Michigan,local,1,NaN,NaN
26103,Marquette,Michigan,imported,0,NaN,NaN
26103,Marquette,Michigan,local,2,NaN,NaN
26117,Montcalm,Michigan,imported,1,NaN,NaN
26117,Montcalm,Michigan,local,3,NaN,NaN
26121,Muskegon,Michigan,imported,0,NaN,NaN
26121,Muskegon,Michigan,local,1,NaN,NaN
26125,Oakland,Michigan,imported,1,NaN,NaN
26125,Oakland,Michigan,local,0,NaN,NaN
26133,Osceola,Michigan,imported,0,NaN,NaN
26133,Osceola,Michigan,local,7,NaN,NaN
27037,Dakota,Minnesota,imported,0,NaN,NaN
27037,Dakota,Minnesota,local,1,NaN,NaN
27053,Hennepin,Minnesota,imported,2,NaN,NaN
27053,Hennepin,Minnesota,local,0,NaN,NaN
27163,Washington,Minnesota,imported,1,NaN,NaN
27163,Washington,Minnesota,local,0,NaN,NaN
29039,Cedar,Missouri,imported,0,NaN,NaN
29039,Cedar,Missouri,local,5,NaN,NaN
29143,New Madrid,Missouri,imported,0,NaN,NaN
29143,New Madrid,Missouri,local,1,NaN,NaN
29213,Taney,Missouri,imported,1,NaN,NaN
29213,Taney,Missouri,local,0,NaN,NaN
30013,Cascade,Montana,imported,0,NaN,NaN
30013,Cascade,Montana,local,1,NaN,NaN
30029,Flathead,Montana,imported,2,NaN,NaN
30029,Flathead,Montana,local,0,NaN,NaN
30031,Gallatin,Montana,imported,5,NaN,NaN
30031,Gallatin,Montana,local,14,NaN,NaN
30041,Hill,Montana,imported,0,NaN,NaN
30041,Hill,Montana,local,4,NaN,NaN
30049,Lewis and Clark,Montana,imported,0,NaN,NaN
30049,Lewis and Clark,Montana,local,2,NaN,NaN
30111,Yellowstone,Montana,imported,0,NaN,NaN
30111,Yellowstone,Montana,local,4,NaN,NaN
31161,Sheridan,Nebraska,imported,1,NaN,NaN
31161,Sheridan,Nebraska,local,0,NaN,NaN
34003,Bergen,New Jersey,imported,1,NaN,NaN
34003,Bergen,New Jersey,local,3,NaN,NaN
34017,Hudson,New Jersey,imported,0,NaN,NaN
34017,Hudson,New Jersey,local,2,NaN,NaN
34029,Ocean,New Jersey,imported,0,NaN,NaN
34029,Ocean,New Jersey,local,1,NaN,NaN
34031,Passaic,New Jersey,imported,1,NaN,NaN
34031,Passaic,New Jersey,local,0,NaN,NaN
35005,Chaves,New Mexico,imported,0,NaN,NaN
35005,Chaves,New Mexico,local,1,NaN,NaN
35009,Curry,New Mexico,imported,0,NaN,NaN
35009,Curry,New Mexico,local,1,NaN,NaN
,Dona Ana,New Mexico,imported,0,NaN,NaN
,Dona Ana,New Mexico,local,2,NaN,NaN
35015,Eddy,New Mexico,imported,0,NaN,NaN
35015,Eddy,New Mexico,local,3,NaN,NaN
35025,Lea,New Mexico,imported,0,NaN,NaN
35025,Lea,New Mexico,local,67,NaN,NaN
35029,Luna,New Mexico,imported,0,NaN,NaN
35029,Luna,New Mexico,local,14,NaN,NaN
35045,San Juan,New Mexico,imported,0,NaN,NaN
35045,San Juan,New Mexico,local,1,NaN,NaN
35043,Sandoval,New Mexico,imported,0,NaN,NaN
35043,Sandoval,New Mexico,local,6,NaN,NaN
35049,Santa Fe,New Mexico,imported,1,NaN,NaN
35049,Santa Fe,New Mexico,local,4,NaN,NaN
36069,Ontario,New York,imported,0,NaN,NaN
36069,Ontario,New York,local,1,NaN,NaN
36071,Orange,New York,imported,3,NaN,NaN
36071,Orange,New York,local,1,NaN,NaN
36079,Putnam,New York,imported,0,NaN,NaN
36079,Putnam,New York,local,1,NaN,NaN
36087,Rockland,New York,imported,1,NaN,NaN
36087,Rockland,New York,local,0,NaN,NaN
36103,Suffolk,New York,imported,0,NaN,NaN
36103,Suffolk,New York,local,1,NaN,NaN
37081,Guilford,North Carolina,imported,1,NaN,NaN
37081,Guilford,North Carolina,local,0,NaN,NaN
38013,Burke,North Dakota,imported,1,NaN,NaN
38013,Burke,North Dakota,local,0,NaN,NaN
38017,Cass,North Dakota,imported,2,NaN,NaN
38017,Cass,North Dakota,local,5,NaN,NaN
38035,Grand Forks,North Dakota,imported,2,NaN,NaN
38035,Grand Forks,North Dakota,local,8,NaN,NaN
38105,Williams,North Dakota,imported,1,NaN,NaN
38105,Williams,North Dakota,local,17,NaN,NaN
39003,Allen,Ohio,imported,1,NaN,NaN
39003,Allen,Ohio,local,0,NaN,NaN
39007,Ashtabula,Ohio,imported,3,NaN,NaN
39007,Ashtabula,Ohio,local,13,NaN,NaN
39035,Cuyahoga,Ohio,imported,1,NaN,NaN
39035,Cuyahoga,Ohio,local,0,NaN,NaN
39039,Defiance,Ohio,imported,1,NaN,NaN
39039,Defiance,Ohio,local,0,NaN,NaN
39049,Franklin,Ohio,imported,0,NaN,NaN
39049,Franklin,Ohio,local,1,NaN,NaN
39075,Holmes,Ohio,imported,0,NaN,NaN
39075,Holmes,Ohio,local,1,NaN,NaN
39083,Knox,Ohio,imported,0,NaN,NaN
39083,Knox,Ohio,local,14,NaN,NaN
39119,Muskingum,Ohio,imported,0,NaN,NaN
39119,Muskingum,Ohio,local,3,NaN,NaN
41051,Multnomah,Oregon,imported,1,NaN,NaN
41051,Multnomah,Oregon,local,0,NaN,NaN
42017,Bucks,Pennsylvania,imported,1,NaN,NaN
42017,Bucks,Pennsylvania,local,0,NaN,NaN
42049,Erie,Pennsylvania,imported,2,NaN,NaN
42049,Erie,Pennsylvania,local,6,NaN,NaN
42071,Lancaster,Pennsylvania,imported,0,NaN,NaN
42071,Lancaster,Pennsylvania,local,1,NaN,NaN
42091,Montgomery,Pennsylvania,imported,1,NaN,NaN
42091,Montgomery,Pennsylvania,local,0,NaN,NaN
42101,Philadelphia,Pennsylvania,imported,2,NaN,NaN
42101,Philadelphia,Pennsylvania,local,0,NaN,NaN
44007,Providence,Rhode Island,imported,1,NaN,NaN
44007,Providence,Rhode Island,local,0,NaN,NaN
,Upstate,South Carolina,imported,2,NaN,NaN
,Upstate,South Carolina,local,2,NaN,NaN
46083,Lincoln,South Dakota,imported,7,NaN,NaN
46083,Lincoln,South Dakota,local,1,NaN,NaN
46093,Meade,South Dakota,imported,1,NaN,NaN
46093,Meade,South Dakota,local,1,NaN,NaN
46103,Pennington,South Dakota,imported,1,NaN,NaN
46103,Pennington,South Dakota,local,1,NaN,NaN
48003,Andrews,Texas,imported,0,NaN,NaN
48003,Andrews,Texas,local,3,NaN,NaN
48013,Atascosa,Texas,imported,0,NaN,NaN
48013,Atascosa,Texas,local,1,NaN,NaN
48017,Bailey,Texas,imported,0,NaN,NaN
48017,Bailey,Texas,local,2,NaN,NaN
48027,Bell,Texas,imported,0,NaN,NaN
48027,Bell,Texas,local,1,NaN,NaN
48029,Bexar,Texas,imported,0,NaN,NaN
48029,Bexar,Texas,local,2,NaN,NaN
48033,Borden,Texas,imported,0,NaN,NaN
48033,Borden,Texas,local,1,NaN,NaN
48039,Brazoria,Texas,imported,0,NaN,NaN
48039,Brazoria,Texas,local,1,NaN,NaN
48043,Brewster,Texas,imported,0,NaN,NaN
48043,Brewster,Texas,local,1,NaN,NaN
48049,Brown,Texas,imported,0,NaN,NaN
48049,Brown,Texas,local,1,NaN,NaN
48065,Carson,Texas,imported,0,NaN,NaN
48065,Carson,Texas,local,1,NaN,NaN
48079,Cochran,Texas,imported,0,NaN,NaN
48079,Cochran,Texas,local,14,NaN,NaN
48085,Collin,Texas,imported,0,NaN,NaN
48085,Collin,Texas,local,4,NaN,NaN
48111,Dallam,Texas,imported,0,NaN,NaN
48111,Dallam,Texas,local,7,NaN,NaN
48113,Dallas,Texas,imported,0,NaN,NaN
48113,Dallas,Texas,local,1,NaN,NaN
48115,Dawson,Texas,imported,0,NaN,NaN
48115,Dawson,Texas,local,26,NaN,NaN
48121,Denton,Texas,imported,0,NaN,NaN
48121,Denton,Texas,local,2,NaN,NaN
48133,Eastland,Texas,imported,0,NaN,NaN
48133,Eastland,Texas,local,2,NaN,NaN
48135,Ector,Texas,imported,0,NaN,NaN
48135,Ector,Texas,local,12,NaN,NaN
48141,El Paso,Texas,imported,0,NaN,NaN
48141,El Paso,Texas,local,61,NaN,NaN
48143,Erath,Texas,imported,0,NaN,NaN
48143,Erath,Texas,local,1,NaN,NaN
48147,Fannin,Texas,imported,0,NaN,NaN
48147,Fannin,Texas,local,4,NaN,NaN
48157,Fort Bend,Texas,imported,0,NaN,NaN
48157,Fort Bend,Texas,local,1,NaN,NaN
48165,Gaines,Texas,imported,0,NaN,NaN
48165,Gaines,Texas,local,414,NaN,NaN
48169,Garza,Texas,imported,0,NaN,NaN
48169,Garza,Texas,local,2,NaN,NaN
48189,Hale,Texas,imported,0,NaN,NaN
48189,Hale,Texas,local,5,NaN,NaN
48197,Hardeman,Texas,imported,0,NaN,NaN
48197,Hardeman,Texas,local,1,NaN,NaN
48201,Harris,Texas,imported,0,NaN,NaN
48201,Harris,Texas,local,5,NaN,NaN
48203,Harrison,Texas,imported,0,NaN,NaN
48203,Harrison,Texas,local,1,NaN,NaN
48209,Hays,Texas,imported,0,NaN,NaN
48209,Hays,Texas,local,1,NaN,NaN
48219,Hockley,Texas,imported,0,NaN,NaN
48219,Hockley,Texas,local,7,NaN,NaN
48277,Lamar,Texas,imported,0,NaN,NaN
48277,Lamar,Texas,local,28,NaN,NaN
48279,Lamb,Texas,imported,0,NaN,NaN
48279,Lamb,Texas,local,1,NaN,NaN
48303,Lubbock,Texas,imported,0,NaN,NaN
48303,Lubbock,Texas,local,52,NaN,NaN
48305,Lynn,Texas,imported,0,NaN,NaN
48305,Lynn,Texas,local,2,NaN,NaN
48317,Martin,Texas,imported,0,NaN,NaN
48317,Martin,Texas,local,3,NaN,NaN
48309,McLennan,Texas,imported,0,NaN,NaN
48309,McLennan,Texas,local,9,NaN,NaN
48329,Midland,Texas,imported,0,NaN,NaN
48329,Midland,Texas,local,7,NaN,NaN
48369,Parmer,Texas,imported,0,NaN,NaN
48369,Parmer,Texas,local,5,NaN,NaN
48375,Potter,Texas,imported,0,NaN,NaN
48375,Potter,Texas,local,1,NaN,NaN
48379,Rains,Texas,imported,1,NaN,NaN
48379,Rains,Texas,local,0,NaN,NaN
48381,Randall,Texas,imported,0,NaN,NaN
48381,Randall,Texas,local,3,NaN,NaN
48389,Reeves,Texas,imported,0,NaN,NaN
48389,Reeves,Texas,local,2,NaN,NaN
48397,Rockwall,Texas,imported,0,NaN,NaN
48397,Rockwall,Texas,local,2,NaN,NaN
48415,Scurry,Texas,imported,0,NaN,NaN
48415,Scurry,Texas,local,1,NaN,NaN
48417,Shackelford,Texas,imported,0,NaN,NaN
48417,Shackelford,Texas,local,1,NaN,NaN
48439,Tarrant,Texas,imported,0,NaN,NaN
48439,Tarrant,Texas,local,4,NaN,NaN
48445,Terry,Texas,imported,0,NaN,NaN
48445,Terry,Texas,local,60,NaN,NaN
48453,Travis,Texas,imported,0,NaN,NaN
48453,Travis,Texas,local,2,NaN,NaN
48459,Upshur,Texas,imported,0,NaN,NaN
48459,Upshur,Texas,local,5,NaN,NaN
48491,Williamson,Texas,imported,0,NaN,NaN
48491,Williamson,Texas,local,8,NaN,NaN
48501,Yoakum,Texas,imported,0,NaN,NaN
48501,Yoakum,Texas,local,20,NaN,NaN
49049,Utah,Utah,imported,0,NaN,NaN
49049,Utah,Utah,local,7,NaN,NaN
50015,Lamoille,Vermont,imported,1,NaN,NaN
50015,Lamoille,Vermont,local,0,NaN,NaN
53033,King,Washington,imported,5,NaN,NaN
53033,King,Washington,local,1,NaN,NaN
53061,Snohomish,Washington,imported,2,NaN,NaN
53061,Snohomish,Washington,local,0,NaN,NaN
53063,Spokane,Washington,imported,1,NaN,NaN
53063,Spokane,Washington,local,0,NaN,NaN
53073,Whatcom,Washington,imported,2,NaN,NaN
53073,Whatcom,Washington,local,0,NaN,NaN
55083,Oconto,Wisconsin,imported,9,NaN,NaN
55083,Oconto,Wisconsin,local,27,NaN,NaN
56007,Carbon,Wyoming,imported,1,NaN,NaN
56007,Carbon,Wyoming,local,6,NaN,NaN
56025,Natrona,Wyoming,imported,0,NaN,NaN
56025,Natrona,Wyoming,local,1,NaN,NaN
56027,Niobrara,Wyoming,imported,0,NaN,NaN
56027,Niobrara,Wyoming,local,1,NaN,NaN
06001,Alameda,California,local,NaN,2,1
06003,Alpine,California,local,NaN,2,1
06005,Amador,California,local,NaN,2,1
06007,Butte,California,local,NaN,2,1
06009,Calaveras,California,local,NaN,2,1
06011,Colusa,California,local,NaN,2,1
06013,Contra Costa,California,local,NaN,2,1
06015,Del Norte,California,local,NaN,2,1
06017,El Dorado,California,local,NaN,2,1
06019,Fresno,California,local,NaN,2,1
06021,Glenn,California,local,NaN,2,1
06023,Humboldt,California,local,NaN,2,1
06025,Imperial,California,local,NaN,2,1
06027,Inyo,California,local,NaN,2,1
06029,Kern,California,local,NaN,2,1
06031,Kings,California,local,NaN,2,1
06033,Lake,California,local,NaN,2,1
06035,Lassen,California,local,NaN,2,1
06037,Los Angeles,California,local,NaN,2,1
06039,Madera,California,local,NaN,2,1
06041,Marin,California,local,NaN,2,1
06043,Mariposa,California,local,NaN,2,1
06045,Mendocino,California,local,NaN,2,1
06047,Merced,California,local,NaN,2,1
06049,Modoc,California,local,NaN,2,1
06051,Mono,California,local,NaN,2,1
06053,Monterey,California,local,NaN,2,1
06055,Napa,California,local,NaN,2,1
06057,Nevada,California,local,NaN,2,1
06059,Orange,California,local,NaN,2,1
06061,Placer,California,local,NaN,2,1
06063,Plumas,California,local,NaN,2,1
06065,Riverside,California,local,NaN,2,1
06067,Sacramento,California,local,NaN,2,1
06069,San Benito,California,local,NaN,2,1
06071,San Bernardino,California,local,NaN,2,1
06073,San Diego,California,local,NaN,2,1
06075,San Francisco,California,local,NaN,2,1
06077,San Joaquin,California,local,NaN,2,1
06079,San Luis Obispo,California,local,NaN,2,1
06081,San Mateo,California,local,NaN,2,1
06083,Santa Barbara,California,local,NaN,2,1
06085,Santa Clara,California,local,NaN,2,1
06087,Santa Cruz,California,local,NaN,2,1
06089,Shasta,California,local,NaN,2,1
06091,Sierra,California,local,NaN,2,1
06093,Siskiyou,California,local,NaN,2,1
06095,Solano,California,local,NaN,2,1
06097,Sonoma,California,local,NaN,2,1
06099,Stanislaus,California,local,NaN,2,1
06101,Sutter,California,local,NaN,2,1
06103,Tehama,California,local,NaN,2,1
06105,Trinity,California,local,NaN,2,1
06107,Tulare,California,local,NaN,2,1
06109,Tuolumne,California,local,NaN,2,1
06111,Ventura,California,local,NaN,2,1
06113,Yolo,California,local,NaN,2,1
06115,Yuba,California,local,NaN,2,1
19007,Appanoose,Iowa,local,NaN,3,1
19015,Boone,Iowa,local,NaN,3,1
19023,Butler,Iowa,local,NaN,3,1
19033,Cerro Gordo,Iowa,local,NaN,3,1
19039,Clarke,Iowa,local,NaN,3,1
19049,Dallas,Iowa,local,NaN,3,1
19053,Decatur,Iowa,local,NaN,3,1
19067,Floyd,Iowa,local,NaN,3,1
19069,Franklin,Iowa,local,NaN,3,1
19075,Grundy,Iowa,local,NaN,3,1
19079,Hamilton,Iowa,local,NaN,3,1
19081,Hancock,Iowa,local,NaN,3,1
19083,Hardin,Iowa,local,NaN,3,1
19091,Humboldt,Iowa,local,NaN,3,1
19099,Jasper,Iowa,local,NaN,3,1
19109,Kossuth,Iowa,local,NaN,3,1
19117,Lucas,Iowa,local,NaN,3,1
19121,Madison,Iowa,local,NaN,3,1
19125,Marion,Iowa,local,NaN,3,1
19127,Marshall,Iowa,local,NaN,3,1
19131,Mitchell,Iowa,local,NaN,3,1
19135,Monroe,Iowa,local,NaN,3,1
19153,Polk,Iowa,local,NaN,3,1
19157,Poweshiek,Iowa,local,NaN,3,1
19159,Ringgold,Iowa,local,NaN,3,1
19169,Story,Iowa,local,NaN,3,1
19171,Tama,Iowa,local,NaN,3,1
19175,Union,Iowa,local,NaN,3,1
19181,Warren,Iowa,local,NaN,3,1
19185,Wayne,Iowa,local,NaN,3,1
19187,Webster,Iowa,local,NaN,3,1
19189,Winnebago,Iowa,local,NaN,3,1
19195,Worth,Iowa,local,NaN,3,1
19197,Wright,Iowa,local,NaN,3,1
19001,Adair,Iowa,local,NaN,4,1
19003,Adams,Iowa,local,NaN,4,1
19009,Audubon,Iowa,local,NaN,4,1
19021,Buena Vista,Iowa,local,NaN,4,1
19025,Calhoun,Iowa,local,NaN,4,1
19027,Carroll,Iowa,local,NaN,4,1
19029,Cass,Iowa,local,NaN,4,1
19035,Cherokee,Iowa,local,NaN,4,1
19041,Clay,Iowa,local,NaN,4,1
19047,Crawford,Iowa,local,NaN,4,1
19059,Dickinson,Iowa,local,NaN,4,1
19063,Emmet,Iowa,local,NaN,4,1
19071,Fremont,Iowa,local,NaN,4,1
19073,Greene,Iowa,local,NaN,4,1
19077,Guthrie,Iowa,local,NaN,4,1
19085,Harrison,Iowa,local,NaN,4,1
19093,Ida,Iowa,local,NaN,4,1
19119,Lyon,Iowa,local,NaN,4,1
19129,Mills,Iowa,local,NaN,4,1
19133,Monona,Iowa,local,NaN,4,1
19137,Montgomery,Iowa,local,NaN,4,1
19141,O'Brien,Iowa,local,NaN,4,1
19143,Osceola,Iowa,local,NaN,4,1
19145,Page,Iowa,local,NaN,4,1
19147,Palo Alto,Iowa,local,NaN,4,1
19149,Plymouth,Iowa,local,NaN,4,1
19151,Pocahontas,Iowa,local,NaN,4,1
19155,Pottawattamie,Iowa,local,NaN,4,1
19161,Sac,Iowa,local,NaN,4,1
19165,Shelby,Iowa,local,NaN,4,1
19167,Sioux,Iowa,local,NaN,4,1
19173,Taylor,Iowa,local,NaN,4,1
19193,Woodbury,Iowa,local,NaN,4,1
19005,Allamakee,Iowa,imported,NaN,5,1
19011,Benton,Iowa,imported,NaN,5,1
19013,Black Hawk,Iowa,imported,NaN,5,1
19017,Bremer,Iowa,imported,NaN,5,1
19019,Buchanan,Iowa,imported,NaN,5,1
19031,Cedar,Iowa,imported,NaN,5,1
19037,Chickasaw,Iowa,imported,NaN,5,1
19043,Clayton,Iowa,imported,NaN,5,1
19045,Clinton,Iowa,imported,NaN,5,1
19051,Davis,Iowa,imported,NaN,5,1
19055,Delaware,Iowa,imported,NaN,5,1
19057,Des Moines,Iowa,imported,NaN,5,1
19061,Dubuque,Iowa,imported,NaN,5,1
19065,Fayette,Iowa,imported,NaN,5,1
19087,Henry,Iowa,imported,NaN,5,1
19089,Howard,Iowa,imported,NaN,5,1
19095,Iowa,Iowa,imported,NaN,5,1
19097,Jackson,Iowa,imported,NaN,5,1
19101,Jefferson,Iowa,imported,NaN,5,1
19103,Johnson,Iowa,imported,NaN,5,1
19105,Jones,Iowa,imported,NaN,5,1
19107,Keokuk,Iowa,imported,NaN,5,1
19111,Lee,Iowa,imported,NaN,5,1
19113,Linn,Iowa,imported,NaN,5,1
19115,Louisa,Iowa,imported,NaN,5,1
19123,Mahaska,Iowa,imported,NaN,5,1
19139,Muscatine,Iowa,imported,NaN,5,1
19163,Scott,Iowa,imported,NaN,5,1
19177,Van Buren,Iowa,imported,NaN,5,1
19179,Wapello,Iowa,imported,NaN,5,1
19183,Washington,Iowa,imported,NaN,5,1
19191,Winneshiek,Iowa,imported,NaN,5,1
19005,Allamakee,Iowa,local,NaN,6,5
19011,Benton,Iowa,local,NaN,6,5
19013,Black Hawk,Iowa,local,NaN,6,5
19017,Bremer,Iowa,local,NaN,6,5
19019,Buchanan,Iowa,local,NaN,6,5
19031,Cedar,Iowa,local,NaN,6,5
19037,Chickasaw,Iowa,local,NaN,6,5
19043,Clayton,Iowa,local,NaN,6,5
19045,Clinton,Iowa,local,NaN,6,5
19051,Davis,Iowa,local,NaN,6,5
19055,Delaware,Iowa,local,NaN,6,5
19057,Des Moines,Iowa,local,NaN,6,5
19061,Dubuque,Iowa,local,NaN,6,5
19065,Fayette,Iowa,local,NaN,6,5
19087,Henry,Iowa,local,NaN,6,5
19089,Howard,Iowa,local,NaN,6,5
19095,Iowa,Iowa,local,NaN,6,5
19097,Jackson,Iowa,local,NaN,6,5
19101,Jefferson,Iowa,local,NaN,6,5
19103,Johnson,Iowa,local,NaN,6,5
19105,Jones,Iowa,local,NaN,6,5
19107,Keokuk,Iowa,local,NaN,6,5
19111,Lee,Iowa,local,NaN,6,5
19113,Linn,Iowa,local,NaN,6,5
19115,Louisa,Iowa,local,NaN,6,5
19123,Mahaska,Iowa,local,NaN,6,5
19139,Muscatine,Iowa,local,NaN,6,5
19163,Scott,Iowa,local,NaN,6,5
19177,Van Buren,Iowa,local,NaN,6,5
19179,Wapello,Iowa,local,NaN,6,5
19183,Washington,Iowa,local,NaN,6,5
19191,Winneshiek,Iowa,local,NaN,6,5
21001,Adair,Kentucky,imported,NaN,7,1
21003,Allen,Kentucky,imported,NaN,7,1
21005,Anderson,Kentucky,imported,NaN,7,1
21007,Ballard,Kentucky,imported,NaN,7,1
21009,Barren,Kentucky,imported,NaN,7,1
21011,Bath,Kentucky,imported,NaN,7,1
21013,Bell,Kentucky,imported,NaN,7,1
21015,Boone,Kentucky,imported,NaN,7,1
21017,Bourbon,Kentucky,imported,NaN,7,1
21019,Boyd,Kentucky,imported,NaN,7,1
21021,Boyle,Kentucky,imported,NaN,7,1
21023,Bracken,Kentucky,imported,NaN,7,1
21025,Breathitt,Kentucky,imported,NaN,7,1
21027,Breckinridge,Kentucky,imported,NaN,7,1
21029,Bullitt,Kentucky,imported,NaN,7,1
21031,Butler,Kentucky,imported,NaN,7,1
21033,Caldwell,Kentucky,imported,NaN,7,1
21035,Calloway,Kentucky,imported,NaN,7,1
21037,Campbell,Kentucky,imported,NaN,7,1
21039,Carlisle,Kentucky,imported,NaN,7,1
21041,Carroll,Kentucky,imported,NaN,7,1
21043,Carter,Kentucky,imported,NaN,7,1
21045,Casey,Kentucky,imported,NaN,7,1
21047,Christian,Kentucky,imported,NaN,7,1
21049,Clark,Kentucky,imported,NaN,7,1
21051,Clay,Kentucky,imported,NaN,7,1
21053,Clinton,Kentucky,imported,NaN,7,1
21055,Crittenden,Kentucky,imported,NaN,7,1
21057,Cumberland,Kentucky,imported,NaN,7,1
21059,Daviess,Kentucky,imported,NaN,7,1
21061,Edmonson,Kentucky,imported,NaN,7,1
21063,Elliott,Kentucky,imported,NaN,7,1
21065,Estill,Kentucky,imported,NaN,7,1
21067,Fayette,Kentucky,imported,NaN,7,1
21069,Fleming,Kentucky,imported,NaN,7,1
21071,Floyd,Kentucky,imported,NaN,7,1
21073,Franklin,Kentucky,imported,NaN,7,1
21075,Fulton,Kentucky,imported,NaN,7,1
21077,Gallatin,Kentucky,imported,NaN,7,1
21079,Garrard,Kentucky,imported,NaN,7,1
21081,Grant,Kentucky,imported,NaN,7,1
21083,Graves,Kentucky,imported,NaN,7,1
21085,Grayson,Kentucky,imported,NaN,7,1
21087,Green,Kentucky,imported,NaN,7,1
21089,Greenup,Kentucky,imported,NaN,7,1
21091,Hancock,Kentucky,imported,NaN,7,1
21093,Hardin,Kentucky,imported,NaN,7,1
21095,Harlan,Kentucky,imported,NaN,7,1
21097,Harrison,Kentucky,imported,NaN,7,1
21099,Hart,Kentucky,imported,NaN,7,1
21101,Henderson,Kentucky,imported,NaN,7,1
21103,Henry,Kentucky,imported,NaN,7,1
21105,Hickman,Kentucky,imported,NaN,7,1
21107,Hopkins,Kentucky,imported,NaN,7,1
21109,Jackson,Kentucky,imported,NaN,7,1
21111,Jefferson,Kentucky,imported,NaN,7,1
21113,Jessamine,Kentucky,imported,NaN,7,1
21115,Johnson,Kentucky,imported,NaN,7,1
21117,Kenton,Kentucky,imported,NaN,7,1
21119,Knott,Kentucky,imported,NaN,7,1
21121,Knox,Kentucky,imported,NaN,7,1
21123,Larue,Kentucky,imported,NaN,7,1
21125,Laurel,Kentucky,imported,NaN,7,1
21127,Lawrence,Kentucky,imported,NaN,7,1
21129,Lee,Kentucky,imported,NaN,7,1
21131,Leslie,Kentucky,imported,NaN,7,1
21133,Letcher,Kentucky,imported,NaN,7,1
21135,Lewis,Kentucky,imported,NaN,7,1
21137,Lincoln,Kentucky,imported,NaN,7,1
21139,Livingston,Kentucky,imported,NaN,7,1
21141,Logan,Kentucky,imported,NaN,7,1
21143,Lyon,Kentucky,imported,NaN,7,1
21151,Madison,Kentucky,imported,NaN,7,1
21153,Magoffin,Kentucky,imported,NaN,7,1
21155,Marion,Kentucky,imported,NaN,7,1
21157,Marshall,Kentucky,imported,NaN,7,1
21159,Martin,Kentucky,imported,NaN,7,1
21161,Mason,Kentucky,imported,NaN,7,1
21145,McCracken,Kentucky,imported,NaN,7,1
21147,McCreary,Kentucky,imported,NaN,7,1
21149,McLean,Kentucky,imported,NaN,7,1
21163,Meade,Kentucky,imported,NaN,7,1
21165,Menifee,Kentucky,imported,NaN,7,1
21167,Mercer,Kentucky,imported,NaN,7,1
21169,Metcalfe,Kentucky,imported,NaN,7,1
21171,Monroe,Kentucky,imported,NaN,7,1
21173,Montgomery,Kentucky,imported,NaN,7,1
21175,Morgan,Kentucky,imported,NaN,7,1
21177,Muhlenberg,Kentucky,imported,NaN,7,1
21179,Nelson,Kentucky,imported,NaN,7,1
21181,Nicholas,Kentucky,imported,NaN,7,1
21183,Ohio,Kentucky,imported,NaN,7,1
21185,Oldham,Kentucky,imported,NaN,7,1
21187,Owen,Kentucky,imported,NaN,7,1
21189,Owsley,Kentucky,imported,NaN,7,1
21191,Pendleton,Kentucky,imported,NaN,7,1
21193,Perry,Kentucky,imported,NaN,7,1
21195,Pike,Kentucky,imported,NaN,7,1
21197,Powell,Kentucky,imported,NaN,7,1
21199,Pulaski,Kentucky,imported,NaN,7,1
21201,Robertson,Kentucky,imported,NaN,7,1
21203,Rockcastle,Kentucky,imported,NaN,7,1
21205,Rowan,Kentucky,imported,NaN,7,1
21207,Russell,Kentucky,imported,NaN,7,1
21209,Scott,Kentucky,imported,NaN,7,1
21211,Shelby,Kentucky,imported,NaN,7,1
21213,Simpson,Kentucky,imported,NaN,7,1
21215,Spencer,Kentucky,imported,NaN,7,1
21217,Taylor,Kentucky,imported,NaN,7,1
21219,Todd,Kentucky,imported,NaN,7,1
21221,Trigg,Kentucky,imported,NaN,7,1
21223,Trimble,Kentucky,imported,NaN,7,1
21225,Union,Kentucky,imported,NaN,7,1
21227,Warren,Kentucky,imported,NaN,7,1
21229,Washington,Kentucky,imported,NaN,7,1
21231,Wayne,Kentucky,imported,NaN,7,1
21233,Webster,Kentucky,imported,NaN,7,1
21235,Whitley,Kentucky,imported,NaN,7,1
21237,Wolfe,Kentucky,imported,NaN,7,1
21239,Woodford,Kentucky,imported,NaN,7,1
27001,Aitkin,Minnesota,local,NaN,8,4
27003,Anoka,Minnesota,local,NaN,8,4
27005,Becker,Minnesota,local,NaN,8,4
27007,Beltrami,Minnesota,local,NaN,8,4
27009,Benton,Minnesota,local,NaN,8,4
27011,Big Stone,Minnesota,local,NaN,8,4
27013,Blue Earth,Minnesota,local,NaN,8,4
27015,Brown,Minnesota,local,NaN,8,4
27017,Carlton,Minnesota,local,NaN,8,4
27019,Carver,Minnesota,local,NaN,8,4
27021,Cass,Minnesota,local,NaN,8,4
27023,Chippewa,Minnesota,local,NaN,8,4
27025,Chisago,Minnesota,local,NaN,8,4
27027,Clay,Minnesota,local,NaN,8,4
27029,Clearwater,Minnesota,local,NaN,8,4
27031,Cook,Minnesota,local,NaN,8,4
27033,Cottonwood,Minnesota,local,NaN,8,4
27035,Crow Wing,Minnesota,local,NaN,8,4
27037,Dakota,Minnesota,local,NaN,8,4
27039,Dodge,Minnesota,local,NaN,8,4
27041,Douglas,Minnesota,local,NaN,8,4
27043,Faribault,Minnesota,local,NaN,8,4
27045,Fillmore,Minnesota,local,NaN,8,4
27047,Freeborn,Minnesota,local,NaN,8,4
27049,Goodhue,Minnesota,local,NaN,8,4
27051,Grant,Minnesota,local,NaN,8,4
27053,Hennepin,Minnesota,local,NaN,8,4
27055,Houston,Minnesota,local,NaN,8,4
27057,Hubbard,Minnesota,local,NaN,8,4
27059,Isanti,Minnesota,local,NaN,8,4
27061,Itasca,Minnesota,local,NaN,8,4
27063,Jackson,Minnesota,local,NaN,8,4
27065,Kanabec,Minnesota,local,NaN,8,4
27067,Kandiyohi,Minnesota,local,NaN,8,4
27069,Kittson,Minnesota,local,NaN,8,4
27071,Koochiching,Minnesota,local,NaN,8,4
27073,Lac qui Parle,Minnesota,local,NaN,8,4
27075,Lake,Minnesota,local,NaN,8,4
27077,Lake of the Woods,Minnesota,local,NaN,8,4
27079,Le Sueur,Minnesota,local,NaN,8,4
27081,Lincoln,Minnesota,local,NaN,8,4
27083,Lyon,Minnesota,local,NaN,8,4
27087,Mahnomen,Minnesota,local,NaN,8,4
27089,Marshall,Minnesota,local,NaN,8,4
27091,Martin,Minnesota,local,NaN,8,4
27085,McLeod,Minnesota,local,NaN,8,4
27093,Meeker,Minnesota,local,NaN,8,4
27095,Mille Lacs,Minnesota,local,NaN,8,4
27097,Morrison,Minnesota,local,NaN,8,4
27099,Mower,Minnesota,local,NaN,8,4
27101,Murray,Minnesota,local,NaN,8,4
27103,Nicollet,Minnesota,local,NaN,8,4
27105,Nobles,Minnesota,local,NaN,8,4
27107,Norman,Minnesota,local,NaN,8,4
27109,Olmsted,Minnesota,local,NaN,8,4
27111,Otter Tail,Minnesota,local,NaN,8,4
27113,Pennington,Minnesota,local,NaN,8,4
27115,Pine,Minnesota,local,NaN,8,4
27117,Pipestone,Minnesota,local,NaN,8,4
27119,Polk,Minnesota,local,NaN,8,4
27121,Pope,Minnesota,local,NaN,8,4
27123,Ramsey,Minnesota,local,NaN,8,4
27125,Red Lake,Minnesota,local,NaN,8,4
27127,Redwood,Minnesota,local,NaN,8,4
27129,Renville,Minnesota,local,NaN,8,4
27131,Rice,Minnesota,local,NaN,8,4
27133,Rock,Minnesota,local,NaN,8,4
27135,Roseau,Minnesota,local,NaN,8,4
27139,Scott,Minnesota,local,NaN,8,4
27141,Sherburne,Minnesota,local,NaN,8,4
27143,Sibley,Minnesota,local,NaN,8,4
27137,St. Louis,Minnesota,local,NaN,8,4
27145,Stearns,Minnesota,local,NaN,8,4
27147,Steele,Minnesota,local,NaN,8,4
27149,Stevens,Minnesota,local,NaN,8,4
27151,Swift,Minnesota,local,NaN,8,4
27153,Todd,Minnesota,local,NaN,8,4
27155,Traverse,Minnesota,local,NaN,8,4
27157,Wabasha,Minnesota,local,NaN,8,4
27159,Wadena,Minnesota,local,NaN,8,4
27161,Waseca,Minnesota,local,NaN,8,4
27163,Washington,Minnesota,local,NaN,8,4
27165,Watonwan,Minnesota,local,NaN,8,4
27167,Wilkin,Minnesota,local,NaN,8,4
27169,Winona,Minnesota,local,NaN,8,4
27171,Wright,Minnesota,local,NaN,8,4
27173,Yellow Medicine,Minnesota,local,NaN,8,4
34001,Atlantic,New Jersey,imported,NaN,9,2
34003,Bergen,New Jersey,imported,NaN,9,2
34005,Burlington,New Jersey,imported,NaN,9,2
34007,Camden,New Jersey,imported,NaN,9,2
34009,Cape May,New Jersey,imported,NaN,9,2
34011,Cumberland,New Jersey,imported,NaN,9,2
34013,Essex,New Jersey,imported,NaN,9,2
34015,Gloucester,New Jersey,imported,NaN,9,2
34017,Hudson,New Jersey,imported,NaN,9,2
34019,Hunterdon,New Jersey,imported,NaN,9,2
34021,Mercer,New Jersey,imported,NaN,9,2
34023,Middlesex,New Jersey,imported,NaN,9,2
34025,Monmouth,New Jersey,imported,NaN,9,2
34027,Morris,New Jersey,imported,NaN,9,2
34029,Ocean,New Jersey,imported,NaN,9,2
34031,Passaic,New Jersey,imported,NaN,9,2
34033,Salem,New Jersey,imported,NaN,9,2
34035,Somerset,New Jersey,imported,NaN,9,2
34037,Sussex,New Jersey,imported,NaN,9,2
34039,Union,New Jersey,imported,NaN,9,2
34041,Warren,New Jersey,imported,NaN,9,2
40001,Adair,Oklahoma,local,NaN,10,17
40003,Alfalfa,Oklahoma,local,NaN,10,17
40005,Atoka,Oklahoma,local,NaN,10,17
40007,Beaver,Oklahoma,local,NaN,10,17
40009,Beckham,Oklahoma,local,NaN,10,17
40011,Blaine,Oklahoma,local,NaN,10,17
40013,Bryan,Oklahoma,local,NaN,10,17
40015,Caddo,Oklahoma,local,NaN,10,17
40017,Canadian,Oklahoma,local,NaN,10,17
40019,Carter,Oklahoma,local,NaN,10,17
40021,Cherokee,Oklahoma,local,NaN,10,17
40023,Choctaw,Oklahoma,local,NaN,10,17
40025,Cimarron,Oklahoma,local,NaN,10,17
40027,Cleveland,Oklahoma,local,NaN,10,17
40029,Coal,Oklahoma,local,NaN,10,17
40031,Comanche,Oklahoma,local,NaN,10,17
40033,Cotton,Oklahoma,local,NaN,10,17
40035,Craig,Oklahoma,local,NaN,10,17
40037,Creek,Oklahoma,local,NaN,10,17
40039,Custer,Oklahoma,local,NaN,10,17
40041,Delaware,Oklahoma,local,NaN,10,17
40043,Dewey,Oklahoma,local,NaN,10,17
40045,Ellis,Oklahoma,local,NaN,10,17
40047,Garfield,Oklahoma,local,NaN,10,17
40049,Garvin,Oklahoma,local,NaN,10,17
40051,Grady,Oklahoma,local,NaN,10,17
40053,Grant,Oklahoma,local,NaN,10,17
40055,Greer,Oklahoma,local,NaN,10,17
40057,Harmon,Oklahoma,local,NaN,10,17
40059,Harper,Oklahoma,local,NaN,10,17
40061,Haskell,Oklahoma,local,NaN,10,17
40063,Hughes,Oklahoma,local,NaN,10,17
40065,Jackson,Oklahoma,local,NaN,10,17
40067,Jefferson,Oklahoma,local,NaN,10,17
40069,Johnston,Oklahoma,local,NaN,10,17
40071,Kay,Oklahoma,local,NaN,10,17
40073,Kingfisher,Oklahoma,local,NaN,10,17
40075,Kiowa,Oklahoma,local,NaN,10,17
40077,Latimer,Oklahoma,local,NaN,10,17
40079,Le Flore,Oklahoma,local,NaN,10,17
40081,Lincoln,Oklahoma,local,NaN,10,17
40083,Logan,Oklahoma,local,NaN,10,17
40085,Love,Oklahoma,local,NaN,10,17
40093,Major,Oklahoma,local,NaN,10,17
40095,Marshall,Oklahoma,local,NaN,10,17
40097,Mayes,Oklahoma,local,NaN,10,17
40087,McClain,Oklahoma,local,NaN,10,17
40089,McCurtain,Oklahoma,local,NaN,10,17
40091,McIntosh,Oklahoma,local,NaN,10,17
40099,Murray,Oklahoma,local,NaN,10,17
40101,Muskogee,Oklahoma,local,NaN,10,17
40103,Noble,Oklahoma,local,NaN,10,17
40105,Nowata,Oklahoma,local,NaN,10,17
40107,Okfuskee,Oklahoma,local,NaN,10,17
40109,Oklahoma,Oklahoma,local,NaN,10,17
40111,Okmulgee,Oklahoma,local,NaN,10,17
40113,Osage,Oklahoma,local,NaN,10,17
40115,Ottawa,Oklahoma,local,NaN,10,17
40117,Pawnee,Oklahoma,local,NaN,10,17
40119,Payne,Oklahoma,local,NaN,10,17
40121,Pittsburg,Oklahoma,local,NaN,10,17
40123,Pontotoc,Oklahoma,local,NaN,10,17
40125,Pottawatomie,Oklahoma,local,NaN,10,17
40127,Pushmataha,Oklahoma,local,NaN,10,17
40129,Roger Mills,Oklahoma,local,NaN,10,17
40131,Rogers,Oklahoma,local,NaN,10,17
40133,Seminole,Oklahoma,local,NaN,10,17
40135,Sequoyah,Oklahoma,local,NaN,10,17
40137,Stephens,Oklahoma,local,NaN,10,17
40139,Texas,Oklahoma,local,NaN,10,17
40141,Tillman,Oklahoma,local,NaN,10,17
40143,Tulsa,Oklahoma,local,NaN,10,17
40145,Wagoner,Oklahoma,local,NaN,10,17
40147,Washington,Oklahoma,local,NaN,10,17
40149,Washita,Oklahoma,local,NaN,10,17
40151,Woods,Oklahoma,local,NaN,10,17
40153,Woodward,Oklahoma,local,NaN,10,17
36005,Bronx,New York,local,NaN,11,16
36047,Kings,New York,local,NaN,11,16
36061,New York,New York,local,NaN,11,16
36081,Queens,New York,local,NaN,11,16
36085,Richmond,New York,local,NaN,11,16
47021,Cheatham,Tennessee,local,NaN,12,3
47037,Davidson,Tennessee,local,NaN,12,3
47043,Dickson,Tennessee,local,NaN,12,3
47083,Houston,Tennessee,local,NaN,12,3
47085,Humphreys,Tennessee,local,NaN,12,3
47125,Montgomery,Tennessee,local,NaN,12,3
47147,Robertson,Tennessee,local,NaN,12,3
47149,Rutherford,Tennessee,local,NaN,12,3
47161,Stewart,Tennessee,local,NaN,12,3
47165,Sumner,Tennessee,local,NaN,12,3
47169,Trousdale,Tennessee,local,NaN,12,3
47187,Williamson,Tennessee,local,NaN,12,3
47189,Wilson,Tennessee,local,NaN,12,3
47015,Cannon,Tennessee,local,NaN,13,4
47027,Clay,Tennessee,local,NaN,13,4
47035,Cumberland,Tennessee,local,NaN,13,4
47041,DeKalb,Tennessee,local,NaN,13,4
47049,Fentress,Tennessee,local,NaN,13,4
47087,Jackson,Tennessee,local,NaN,13,4
47111,Macon,Tennessee,local,NaN,13,4
47133,Overton,Tennessee,local,NaN,13,4
47137,Pickett,Tennessee,local,NaN,13,4
47141,Putnam,Tennessee,local,NaN,13,4
47159,Smith,Tennessee,local,NaN,13,4
47175,Van Buren,Tennessee,local,NaN,13,4
47177,Warren,Tennessee,local,NaN,13,4
47185,White,Tennessee,local,NaN,13,4
49003,Box Elder,Utah,local,NaN,14,4
49005,Cache,Utah,local,NaN,14,4
49033,Rich,Utah,local,NaN,14,4
49007,Carbon,Utah,local,NaN,15,3
49015,Emery,Utah,local,NaN,15,3
49019,Grand,Utah,local,NaN,15,3
49001,Beaver,Utah,local,NaN,16,30
49017,Garfield,Utah,local,NaN,16,30
49021,Iron,Utah,local,NaN,16,30
49025,Kane,Utah,local,NaN,16,30
49053,Washington,Utah,local,NaN,16,30
51001,Accomack,Virginia,local,NaN,17,1
51550,Chesapeake,Virginia,local,NaN,17,1
51057,Essex,Virginia,local,NaN,17,1
,51620,Franklin,Virginia,NaN,NaN,17
,51620,Franklin,Virginia,NaN,NaN,17
51073,Gloucester,Virginia,local,NaN,17,1
51650,Hampton,Virginia,local,NaN,17,1
51093,Isle of Wight,Virginia,local,NaN,17,1
51095,James City,Virginia,local,NaN,17,1
51101,King William,Virginia,local,NaN,17,1
51097,King and Queen,Virginia,local,NaN,17,1
51103,Lancaster,Virginia,local,NaN,17,1
51115,Mathews,Virginia,local,NaN,17,1
51119,Middlesex,Virginia,local,NaN,17,1
51700,Newport News,Virginia,local,NaN,17,1
51710,Norfolk,Virginia,local,NaN,17,1
51131,Northampton,Virginia,local,NaN,17,1
51133,Northumberland,Virginia,local,NaN,17,1
51735,Poquoson,Virginia,local,NaN,17,1
51740,Portsmouth,Virginia,local,NaN,17,1
51159,51760,Richmond,Virginia,local,NaN,17,1
51159,51760,Richmond,Virginia,local,NaN,17,1
51175,Southampton,Virginia,local,NaN,17,1
51800,Suffolk,Virginia,local,NaN,17,1
51810,Virginia Beach,Virginia,local,NaN,17,1
51193,Westmoreland,Virginia,local,NaN,17,1
51830,Williamsburg,Virginia,local,NaN,17,1
51199,York,Virginia,local,NaN,17,1
51003,Albemarle,Virginia,imported,NaN,18,2
51015,Augusta,Virginia,imported,NaN,18,2
51017,Bath,Virginia,imported,NaN,18,2
51530,Buena Vista,Virginia,imported,NaN,18,2
51033,Caroline,Virginia,imported,NaN,18,2
51540,Charlottesville,Virginia,imported,NaN,18,2
51043,Clarke,Virginia,imported,NaN,18,2
51047,Culpeper,Virginia,imported,NaN,18,2
51061,Fauquier,Virginia,imported,NaN,18,2
51065,Fluvanna,Virginia,imported,NaN,18,2
51069,Frederick,Virginia,imported,NaN,18,2
51630,Fredericksburg,Virginia,imported,NaN,18,2
51079,Greene,Virginia,imported,NaN,18,2
51660,Harrisonburg,Virginia,imported,NaN,18,2
51091,Highland,Virginia,imported,NaN,18,2
51099,King George,Virginia,imported,NaN,18,2
51678,Lexington,Virginia,imported,NaN,18,2
51109,Louisa,Virginia,imported,NaN,18,2
51113,Madison,Virginia,imported,NaN,18,2
51125,Nelson,Virginia,imported,NaN,18,2
51137,Orange,Virginia,imported,NaN,18,2
51139,Page,Virginia,imported,NaN,18,2
51157,Rappahannock,Virginia,imported,NaN,18,2
51163,Rockbridge,Virginia,imported,NaN,18,2
51171,Shenandoah,Virginia,imported,NaN,18,2
51177,Spotsylvania,Virginia,imported,NaN,18,2
51179,Stafford,Virginia,imported,NaN,18,2
51790,Staunton,Virginia,imported,NaN,18,2
51187,Warren,Virginia,imported,NaN,18,2
51820,Waynesboro,Virginia,imported,NaN,18,2
51840,Winchester,Virginia,imported,NaN,18,2
51003,Albemarle,Virginia,local,NaN,19,1
51015,Augusta,Virginia,local,NaN,19,1
51017,Bath,Virginia,local,NaN,19,1
51530,Buena Vista,Virginia,local,NaN,19,1
51033,Caroline,Virginia,local,NaN,19,1
51540,Charlottesville,Virginia,local,NaN,19,1
51043,Clarke,Virginia,local,NaN,19,1
51047,Culpeper,Virginia,local,NaN,19,1
51061,Fauquier,Virginia,local,NaN,19,1
51065,Fluvanna,Virginia,local,NaN,19,1
51069,Frederick,Virginia,local,NaN,19,1
51630,Fredericksburg,Virginia,local,NaN,19,1
51079,Greene,Virginia,local,NaN,19,1
51660,Harrisonburg,Virginia,local,NaN,19,1
51091,Highland,Virginia,local,NaN,19,1
51099,King George,Virginia,local,NaN,19,1
51678,Lexington,Virginia,local,NaN,19,1
51109,Louisa,Virginia,local,NaN,19,1
51113,Madison,Virginia,local,NaN,19,1
51125,Nelson,Virginia,local,NaN,19,1
51137,Orange,Virginia,local,NaN,19,1
51139,Page,Virginia,local,NaN,19,1
51157,Rappahannock,Virginia,local,NaN,19,1
51163,Rockbridge,Virginia,local,NaN,19,1
51171,Shenandoah,Virginia,local,NaN,19,1
51177,Spotsylvania,Virginia,local,NaN,19,1
51179,Stafford,Virginia,local,NaN,19,1
51790,Staunton,Virginia,local,NaN,19,1
51187,Warren,Virginia,local,NaN,19,1
51820,Waynesboro,Virginia,local,NaN,19,1
51840,Winchester,Virginia,local,NaN,19,1
